Plot ID,Country,County,Carbon (%),Nitrogen (%),ph,Habitat
GCEXWQRYRK,VAL,ERROLD,70.17699065,7.695723465,2.852599869,8
JZCMAHEPQY,RET,BOLTHAVEN,14.53869724,1.533813152,6.041697765,7
DTVGQBSJIA,VAL,TREVALE,28.61449441,5.925865581,5.003867442,4
REJAJMVEIE,HAR,GREENVALE,23.99430701,1.64056977,5.429147302,2
FMWEYMKIGS,VAL,EVENDIM,14.90281671,2.843173636,6.851266562,8
KYULXCMWOJ,VAL,EVENDIM,57.77736898,6.886863566,3.171440468,6
CPKKYGMVFP,RET,PETRAS,33.27274532,4.525100331,4.546784413,7
TAYSUFTDEF,RET,PETRAS,55.98273791,8.013737208,3.051933652,5
EAYSCYXEST,VAL,ERROLD,12.34734202,5.176042125,5.966890118,6
NZONLIZVZK,VAL,EVENDIM,74.4953172,10.02806613,2.540991716,9
TLCGPVDITR,RET,PETRAS,35.24268076,2.658842844,4.333122541,8
DALZHOYPSX,RET,PETRAS,17.7713211,5.782413951,5.335184738,7
SZFGEXHQTH,RET,PETRAS,34.27666835,4.721770391,4.433349339,3
CSHRBQBZRB,VAL,EVENDIM,33.72017476,4.510922207,4.502964182,5
UIMVLFFGJO,VAL,EVENDIM,25.32742256,4.80468254,5.138245899,5
ZRKFQCNWWR,VAL,TREVALE,25.71329383,4.764699829,5.497382103,7
ALCRHUAWMI,RET,PETRAS,53.73870736,6.19605573,3.569287372,6
AKHBHDGHEL,VAL,EVENDIM,18.88622904,3.408880121,5.412106643,3
WTMAQDXOGD,HAR,GREENVALE,46.63271648,5.1635446,3.788223702,2
PHPUFUZDFK,VAL,ERROLD,35.64673819,4.423807324,4.341272037,1
YKBLDSAXAY,HAR,GREENVALE,33.4629053,3.149107097,4.618858066,3
FPMOTLAZBD,RET,BOLTHAVEN,23.16238686,5.02459118,4.967683338,10
SWUTCNDZQY,RET,PETRAS,18.80933811,3.240308406,6.004137856,7
QOHKNATIBF,RET,PETRAS,19.81928779,4.72109655,6.42272835,4
GDCDGAVTRK,RET,PETRAS,62.69527821,8.56571985,3.110962335,6
ZTPPGEILZP,RET,PETRAS,29.75786371,3.573210994,4.81573598,2
AMVVGHQVWP,VAL,ERROLD,46.02809571,5.767362188,3.899156952,9
XERYGSJZDF,RET,BOLTHAVEN,46.55571678,5.205459185,3.702678681,2
MRSGZKMJPE,VAL,EVENDIM,17.64026408,2.960152735,5.710487671,3
TMULVIVUOW,HAR,GREENVALE,13.58130509,0.607054064,5.257755765,1
LGXAPKYPOQ,HAR,BERRYFORD,41.46526663,2.890292108,3.925489514,9
WZCUBGGDVX,RET,PETRAS,43.25317072,6.242523292,3.857097805,6
WBEYNJVLFW,VAL,EVENDIM,44.45110122,7.441756005,3.752389286,10
PYYOXLBIXB,VAL,ERROLD,37.09190143,5.261154414,4.203315193,9
XKAFWJIEYF,VAL,EVENDIM,48.22467109,7.413850804,3.679087589,2
SYVXSUMRFO,HAR,GREENVALE,80.94706058,7.929516716,2.299777539,6
ZWEXCYEYOF,VAL,TREVALE,35.03427185,3.740954657,4.381705805,9
WEOSQRIENF,VAL,TREVALE,70.28598888,8.753388312,2.775428111,3
AFYNDVJRQF,RET,PETRAS,74.66663905,8.942458599,2.587228011,4
MIQOKXEWVA,VAL,ERROLD,31.04499855,5.550012072,4.486550362,8
OTPLACTPYI,VAL,TREVALE,30.14827925,5.083712898,4.988484619,4
HWJURLVTVY,VAL,TREVALE,33.70364227,5.50261481,4.411294758,7
KMETHDBXNL,VAL,ERROLD,41.46646445,6.695731325,3.751554045,6
FDYRAYXNYU,RET,PETRAS,16.96797683,2.29421414,6.135439121,8
HUBVFDTCZJ,HAR,GREENVALE,41.63820736,4.602423728,3.803376631,2
ZCLYODLKRT,VAL,EVENDIM,30.68747496,6.0148358,4.402242117,5
QRGIIDAJHE,VAL,EVENDIM,39.47072268,6.26966834,4.073715482,9
DKOJJHBNAV,RET,BOLTHAVEN,64.44145247,6.074910077,3.134303622,7
GZATAEQDXM,VAL,EVENDIM,57.9432868,8.971279972,3.027683942,2
MSVJISTKOP,HAR,GREENVALE,14.70405404,1.266480835,6.669480638,3
POQNFGRVNW,RET,BOLTHAVEN,29.21014101,3.937668143,4.749605295,8
MVHXOQZXOZ,RET,PETRAS,28.13223275,3.118650618,4.793651248,5
NWSLNDHCVL,VAL,ERROLD,22.63794576,2.937844659,5.644480708,5
FCKQUESXXF,VAL,ERROLD,46.59784268,5.29196785,3.646649384,2
SWMZJCNDER,VAL,TREVALE,14.00520284,4.355968738,6.685704443,7
FNLVVALTCM,RET,PETRAS,26.81041527,4.571660265,5.052605522,8
PAFJHOXERG,HAR,GREENVALE,36.39091759,4.932926209,4.363141931,1
OVFMRNHYBX,VAL,TREVALE,45.58068446,5.843339487,3.610436484,7
FCWJGTATIT,RET,PETRAS,36.28840561,3.882145433,4.123689041,9
JVOVBNKTGO,RET,PETRAS,13.26972958,1.674702471,6.265381191,10
QVVLOHAJEH,RET,PETRAS,31.10206762,5.170703051,4.31733844,10
LMTLTZHBZQ,VAL,EVENDIM,62.57607928,9.009673693,2.844249892,5
UIIGLEVAUE,VAL,TREVALE,21.80584089,2.411034311,4.780972621,2
EAUSNIHTWV,VAL,TREVALE,25.1752017,4.003227468,4.376072086,1
CZEZKDLNOO,HAR,GREENVALE,28.22232282,1.826874323,4.715143662,3
MZABBWEMZY,VAL,ERROLD,19.50249499,3.414848191,5.451439568,7
NMZJOOQENX,VAL,ERROLD,29.7058867,5.749667191,4.784611203,8
QUBEOBLXBO,VAL,ERROLD,28.92868958,3.571986069,4.69969931,10
LPHKLPWUXZ,RET,BOLTHAVEN,40.59190913,4.536387913,4.159166219,6
MKFHYLXULX,RET,BOLTHAVEN,34.07368217,4.741669551,4.242738175,5
LNQGSWGXQN,VAL,EVENDIM,35.90736251,4.638811931,4.352272097,6
WPJGQSWRKH,HAR,BERRYFORD,45.420865,4.213905116,3.957322727,2
XGRPFAGRMB,RET,PETRAS,15.15767709,1.759014693,5.652531168,9
PWCXMFGPLH,VAL,ERROLD,22.97105771,3.970912267,5.324620591,6
DZSYUGTUHL,VAL,EVENDIM,34.57002434,4.886344395,4.323892087,1
KLJXNFBAMR,RET,PETRAS,22.17543087,3.934631047,5.285011903,4
JGFMGXSWLP,VAL,EVENDIM,55.08708172,7.81715978,3.561861818,9
WLSVTCNQXP,VAL,ERROLD,42.72423204,6.432897059,3.847059773,5
NLDXLHZOMN,VAL,TREVALE,22.99505486,3.615117761,4.861709096,6
FNDWMOFYOI,RET,BOLTHAVEN,12.40331367,2.08006556,7.068898105,9
XCSRQVUTSI,VAL,TREVALE,44.38128093,7.437650408,3.771091305,4
XXXQCMHEZE,RET,BOLTHAVEN,31.29318153,3.104748225,4.525289824,3
HELZYVEMWI,VAL,EVENDIM,33.88881518,6.377206071,4.39266436,4
QZKJMXXRMR,RET,PETRAS,17.77087102,2.80269814,5.317998635,2
PPUKFVILJZ,RET,PETRAS,22.9743323,3.32052107,4.811040448,10
LFUMOJYKYG,RET,PETRAS,25.71272069,3.116405242,4.960445627,10
NVAAPLPWFQ,VAL,ERROLD,33.65583527,4.763230219,4.45415423,5
RZCCSEIPEG,RET,PETRAS,30.23024939,5.105340742,4.532563072,10
FQYUCZRBGI,HAR,GREENVALE,31.09413511,4.022935563,4.440596009,9
YOORRTZJJA,VAL,TREVALE,28.77219313,3.987626528,4.686687893,6
DGUEIUCSEK,RET,BOLTHAVEN,91.86224868,9.917416847,1.970826715,3
ALMDXPHDJM,RET,BOLTHAVEN,36.02451485,4.674270352,4.304883268,7
NAGAIXVMLA,VAL,EVENDIM,28.73957935,5.512000318,4.47468125,4
INAKBDEVUN,RET,PETRAS,42.94308439,5.043966267,3.889620084,9
RFRTDGCKTP,RET,BOLTHAVEN,27.61544875,3.276581247,4.503276065,10
JQBVRPMMOD,HAR,GREENVALE,25.82626447,2.52178003,4.741421503,3
VFCKFLXEVQ,HAR,BERRYFORD,16.76586662,0.02,5.233890215,4
AFWBTLZLCQ,VAL,ERROLD,45.19659783,6.181703887,3.751724231,1
OYWHKOVRRA,HAR,GREENVALE,46.1802571,6.020229504,3.530543052,6
UUWJDFGBBY,RET,BOLTHAVEN,24.93809777,4.056184917,4.937121675,2
RWFAZHOQWR,HAR,BERRYFORD,55.32605333,6.41945931,3.244474509,3
RSYERYVIHO,RET,PETRAS,46.31323181,4.052167248,3.787667912,3
SGIBVYRCCI,VAL,ERROLD,18.83709551,5.274279539,5.790460281,4
EKATHTKUUS,HAR,BERRYFORD,21.17745481,3.440880229,5.706015335,6
QNGTAAQQGW,HAR,BERRYFORD,14.61671702,2.076474066,5.718038167,9
HLIELZKHOJ,RET,PETRAS,30.05917529,2.464973162,4.818704783,2
QXETQAKDMQ,HAR,BERRYFORD,32.97505829,2.260539058,4.172219866,5
AYVGQVWIRI,HAR,BERRYFORD,39.64836842,3.24197885,4.183976041,5
PFYASLKDNC,VAL,EVENDIM,22.45372245,4.596819331,5.156464296,8
HZKGVUYKVC,RET,BOLTHAVEN,69.96878557,7.965666289,2.706755198,3
EHSVZMFEXI,HAR,BERRYFORD,39.06462925,4.718536809,4.134117997,8
VXXKZOVQEG,RET,PETRAS,55.31857819,7.097564869,3.221016278,2
PVDPCEKRTW,VAL,EVENDIM,42.72478656,6.629532716,3.767051379,8
THIDSOYHXC,HAR,GREENVALE,39.83607623,2.79437358,3.978970011,5
GGEEQZQBXT,VAL,EVENDIM,11.03349396,3.689742856,6.0890747,8
FTIQFMNYWU,VAL,TREVALE,20.49140533,2.544129396,5.457114017,9
GXMLPZHGKI,HAR,BERRYFORD,49.73821383,6.132732619,3.508662228,5
UBCCZDDQCV,VAL,ERROLD,15.40886749,2.9872695,5.890440701,6
SMMQRZKLZV,HAR,BERRYFORD,19.32106784,1.851378784,5.063155948,9
BETEVVQAIA,RET,BOLTHAVEN,25.92827339,4.469134651,5.115055819,2
GHNNPDRGHK,RET,BOLTHAVEN,27.68981018,3.526577451,4.963251013,6
VXYLMZIKWC,VAL,ERROLD,47.59373276,6.621677889,3.790847,9
LJQRLTDHXZ,VAL,TREVALE,4.421327538,1.992099154,6.843675831,2
DFVZHSCRGG,VAL,ERROLD,25.27188928,3.905140022,4.846989297,4
BFYGCJODVW,VAL,EVENDIM,19.53941104,3.401273595,5.554276265,4
DXUKQVCHRO,VAL,ERROLD,20.11287246,2.984137795,5.668925912,9
VBEQCBTMLI,VAL,TREVALE,26.15023832,5.378570045,5.335569925,6
GSEQYNBZLL,VAL,ERROLD,51.04188789,8.484487751,3.361211748,1
XHLDRSHCYE,VAL,EVENDIM,37.47943441,5.374434492,4.038030955,7
OADOPMDCLN,VAL,TREVALE,13.2831918,4.914926206,5.583364139,4
POISGUMOOV,RET,PETRAS,62.70562519,6.630313043,3.060490768,7
BIGHTCSKOX,VAL,ERROLD,35.35506402,5.513608063,4.042209086,7
BAYNWJBWMP,VAL,EVENDIM,20.57803898,3.727580768,4.909352084,5
QMXPJBDNKE,HAR,BERRYFORD,32.69459894,3.704182063,4.375901923,3
PXAHDUUSEX,VAL,TREVALE,25.02189828,6.077065085,5.237236729,4
XHDXDAUMXW,HAR,BERRYFORD,51.15070772,4.176123546,3.683978266,5
QAGSVEGKWX,RET,PETRAS,50.4760248,4.307440096,3.359905774,2
UVXOAGDBTV,VAL,EVENDIM,57.50535287,7.24418727,3.171818142,3
SGXOAJVLNK,VAL,ERROLD,42.30616814,5.414153201,3.849389373,5
WFPYCJPBMS,VAL,TREVALE,72.39324521,10.5864581,2.620291442,3
MTFOYSUIME,VAL,EVENDIM,11.76620117,1.317219494,6.291356663,3
TWQBIHVJBS,RET,PETRAS,41.21574066,5.271851822,3.974562074,1
ARSTSULDNK,HAR,BERRYFORD,24.45285654,1.132500565,5.011854585,4
WEFJKQFWSZ,VAL,EVENDIM,55.05768907,6.725998451,3.429818104,9
GUNNPSSDMB,HAR,GREENVALE,28.31531026,4.681436871,4.554371768,1
MTZNNNYHDE,VAL,EVENDIM,49.4288688,6.673748379,3.453194304,3
VXGKEJOLAN,VAL,TREVALE,39.54391212,4.772233117,3.882917532,6
CJBEZQGNGE,VAL,ERROLD,27.46475202,6.439653893,4.823202241,5
PTFYFCQDEI,VAL,ERROLD,39.9865776,5.22981035,3.76959855,1
YCTZUCXNQN,RET,BOLTHAVEN,26.68542795,7.000680806,4.572820234,8
JLCAMYPBXU,HAR,BERRYFORD,20.4667651,0.02,5.536586526,8
YJZOHBSAVL,VAL,ERROLD,31.73902731,4.756161077,4.597954633,5
KINAITTTUO,VAL,TREVALE,28.11157253,4.049280183,5.044582479,6
RWZQGRKHEU,RET,BOLTHAVEN,24.0190216,3.264176705,4.632314518,5
NBPAIYAIKL,RET,PETRAS,21.17052346,2.726122188,5.383798767,9
AASEUFESNB,RET,PETRAS,40.74692631,4.985834687,4.036814218,1
WSDHHNLANJ,VAL,EVENDIM,28.41677356,4.022194522,4.958275781,9
KFUVZPLTGI,HAR,GREENVALE,28.86362846,1.759699107,5.016094147,2
WJHJBOQZVL,RET,BOLTHAVEN,28.68995549,3.122716496,5.294719581,8
ZATOCEJIOJ,RET,PETRAS,26.48045457,3.930989261,5.075828451,7
NVUEBJTCLW,RET,PETRAS,25.39314715,4.485639755,4.977130579,9
BNUUZMQWCZ,VAL,EVENDIM,34.88305925,4.582201265,4.280766703,8
CDTQXBSVMQ,HAR,BERRYFORD,22.94138681,2.966052098,5.959373444,3
HJKVMSNTPE,VAL,TREVALE,14.99556407,5.13434065,5.575372847,7
QWYRUMVNAF,HAR,BERRYFORD,23.97458577,3.107094586,5.158824254,2
COAUEORHWG,RET,BOLTHAVEN,24.98850635,4.560120253,5.222892773,3
JZUTLWCTIB,VAL,EVENDIM,28.4929343,3.520071085,4.486466504,4
HXSQRVMKEQ,RET,BOLTHAVEN,9.964993504,2.744842192,6.126344757,1
DMGQDNVJSG,VAL,ERROLD,27.76126897,4.110723541,4.844293717,10
TLRTMEQKIO,HAR,GREENVALE,27.39176847,2.847585467,4.698977455,2
ZQDKWMECCE,RET,PETRAS,15.64741959,3.0576546,5.682719057,10
WDDTFKVLLP,VAL,EVENDIM,31.29132759,4.473308741,4.341795962,1
IHMOXIVLOP,VAL,EVENDIM,29.02005844,4.695012216,4.564978358,3
VLGRPRTNWW,RET,BOLTHAVEN,28.37212398,4.411025691,4.970392492,2
FVGFIDHXWJ,RET,PETRAS,36.90213212,3.882743915,4.115585971,4
PVULXAJLGC,VAL,ERROLD,16.7419012,3.45999839,6.326136334,7
NWHLWCCGTQ,VAL,EVENDIM,41.09736144,5.229247359,4.01402936,1
XIEWIWEGBE,HAR,BERRYFORD,46.69494275,4.835596185,3.754599464,7
NQJLBUQKVC,RET,BOLTHAVEN,46.0887037,7.380594264,3.71969948,8
OZWWNXUNJX,VAL,TREVALE,37.50735684,5.558378335,4.291382817,6
CCNXYZEFAU,RET,PETRAS,50.20580515,6.664985353,3.453794058,7
GXBENMVQZU,HAR,GREENVALE,53.3169404,5.0649938,3.178078026,8
HMQPSSAQPL,HAR,GREENVALE,46.01162588,5.885163154,3.755132806,2
IGFALJHSON,RET,PETRAS,18.66984358,1.021285426,5.892350355,1
UPRTJFCGEJ,RET,PETRAS,22.8644449,3.981453505,5.392232059,7
PWOZYQXHAP,RET,BOLTHAVEN,44.68086307,5.964108984,3.724984212,9
CAZTGDETEZ,HAR,GREENVALE,57.79296958,6.027424129,3.290702527,3
CAZTGDETEZ,HAR,GREENVALE,57.79296958,6.027424129,3.290702527,3
INNDYVNNHO,RET,BOLTHAVEN,16.74700369,3.424951219,5.329753624,5
PSYKSYAMZY,VAL,ERROLD,38.18984188,5.486847305,3.982855224,6
YIVKALVGVJ,VAL,ERROLD,21.34839061,4.880781256,5.913078607,9
HOTPXITDLY,HAR,BERRYFORD,8.96700772,0.774043278,6.746814168,4
DXQTELFMPE,RET,BOLTHAVEN,18.85585311,2.701950399,5.30496193,8
WYTWMYKKFM,HAR,BERRYFORD,19.74747095,0.884344049,5.238933082,5
OUZEKTMJUC,HAR,BERRYFORD,20.96253226,0.93608939,5.159295112,5
EEJEHZYKCC,HAR,GREENVALE,40.74874617,4.12264268,3.869302597,6
GBCCCFVVNT,RET,PETRAS,38.97676384,4.927964504,3.958824068,10
CNFYLCVBGO,VAL,ERROLD,23.23612533,5.79509536,5.281491426,4
RIWPBQXROL,VAL,ERROLD,15.19552723,3.102547382,5.518814378,2
RERYKXMGUK,VAL,EVENDIM,21.08060959,2.855106262,5.401791478,3
SUFMUBSIOO,HAR,BERRYFORD,24.84223398,2.775894856,5.448577887,7
NQFPYESOHC,VAL,ERROLD,37.81007931,5.076869435,4.168191015,7
NPWBTBAFYH,HAR,GREENVALE,32.58129439,2.509457963,4.386904926,3
KOGJCWFBGB,RET,BOLTHAVEN,54.49876634,8.417812585,3.38420455,5
SQKROGKLHK,VAL,EVENDIM,27.25363817,4.337671474,4.730709069,7
JETTXRAAFV,RET,PETRAS,29.23313883,4.134796335,4.87637336,4
GKNLVDWDSP,VAL,EVENDIM,16.78199244,4.614222792,5.890921313,6
ASDGOSEVTC,VAL,EVENDIM,77.04416491,12.33798937,2.17305154,4
JJCVPLTFZI,RET,BOLTHAVEN,42.71726763,5.61235496,3.740442536,4
TLZFLCVPFW,VAL,TREVALE,12.35721769,3.535500256,6.682144317,6
QCHWHCKODQ,HAR,GREENVALE,45.39914943,3.635010655,3.664477292,5
LHGTDUQHYE,VAL,EVENDIM,19.81629502,3.425318764,5.774914577,7
VPUBOMIUXU,RET,PETRAS,44.43228334,5.256556689,3.818369205,2
KOBETULAHZ,VAL,ERROLD,37.73441124,6.182529697,4.277094502,3
EZPQITRKWW,RET,PETRAS,39.38218272,6.778433819,4.04811783,9
IBEVVUJMSH,VAL,EVENDIM,33.41660135,6.405313263,4.471608385,4
UHQEDVXFEL,VAL,ERROLD,31.40776127,6.526943475,4.724508564,1
NLGEKBMOIR,RET,BOLTHAVEN,42.40032368,6.088835338,3.868639761,1
UAVAUXJAAP,VAL,ERROLD,68.02948795,8.704384515,2.833675856,7
SBCKALHGJJ,RET,BOLTHAVEN,16.24861603,1.001780741,5.618952767,7
FTFKNNHEHJ,HAR,GREENVALE,29.53239422,2.596000031,4.76546933,4
QTDDVEFTFJ,RET,PETRAS,76.13400341,9.648631174,2.313359788,9
AUJAZXNUNN,RET,PETRAS,42.34060272,4.661299813,3.818802211,7
DDQBQRZWXI,VAL,EVENDIM,18.91329554,3.457194495,5.768054849,2
USYHODHVEO,VAL,ERROLD,48.38349813,8.254514839,3.448108985,6
IQDXJDYOFG,RET,PETRAS,35.94139851,4.868360496,4.025204572,9
FSRDCLQNPA,VAL,TREVALE,26.99347146,4.467397404,5.10674717,9
ZFCKJPEMNB,RET,BOLTHAVEN,34.18009786,4.298354584,4.419875994,2
CBZUDYOVVL,RET,PETRAS,26.82837037,4.745300618,4.554900586,6
DIIWTGIGGW,HAR,BERRYFORD,35.21347062,4.756010488,4.479570627,6
XDPAQDEFQA,RET,PETRAS,17.15865763,2.593801014,5.709847373,2
EWTBGRYGGP,VAL,EVENDIM,46.19886746,7.321879877,3.776213555,5
HZWGUBDGOV,RET,BOLTHAVEN,44.64778173,6.206118217,3.636212063,9
YBSDLUQSXW,VAL,TREVALE,14.40971248,2.417890534,5.891825381,8
RVAMSXBGAG,HAR,GREENVALE,9.475138816,2.672536026,6.74110302,6
PZLSURCHQE,VAL,TREVALE,49.32832488,6.838084994,3.492190082,5
WZFAUAHTLD,VAL,ERROLD,30.96961153,5.195314521,4.416478333,1
TZIEEJTUOH,VAL,ERROLD,22.66611505,3.513982549,5.114231541,8
LXFWRUOFUF,HAR,BERRYFORD,30.74300357,2.919192211,4.489259006,2
HBPPRGDMUG,VAL,TREVALE,26.24986855,4.709648971,4.992961411,9
IEHIZXRWUL,VAL,EVENDIM,6.76973525,1.069901746,6.375668307,10
GGAJCVCXCI,HAR,BERRYFORD,26.84388597,2.263972402,4.707723129,1
FZTQJOLEKX,VAL,ERROLD,22.29423627,2.309244389,5.17808625,4
ZZMRKTFCUV,VAL,TREVALE,43.9275169,5.948858996,3.993793781,8
JNLGPFOJLQ,VAL,ERROLD,56.67836782,8.53014927,3.346920427,4
TLFXHTUBVW,RET,PETRAS,24.04608869,3.083289075,5.400928131,4
OJUYULFYPN,VAL,EVENDIM,64.07679384,8.043676353,2.932718406,7
NOOMZHFRCB,HAR,GREENVALE,24.48166553,3.324711979,5.281463666,1
MVLJXOVDCH,VAL,EVENDIM,28.20082898,6.668294395,4.748936826,8
FFFVJBOTZU,RET,BOLTHAVEN,75.21909965,9.303690299,2.518225444,4
NUSIXMAYLJ,HAR,BERRYFORD,31.89930621,4.293820744,4.332859546,10
YKSSJVITJC,VAL,EVENDIM,33.15558786,5.395978059,4.336820253,1
QAXENGBCYF,VAL,ERROLD,18.63579169,4.267011107,5.654559903,2
NMEXUNKTBA,VAL,EVENDIM,30.83705151,6.834750386,4.560334756,1
ZOVJVLMPPF,RET,BOLTHAVEN,7.541222764,2.432383543,6.308024033,9
AWKINUWICO,VAL,TREVALE,33.01761936,5.869959934,4.376502525,8
NOLQAPRSIB,VAL,EVENDIM,15.71214847,4.353861838,6.740369,10
ATJWFTSTZB,RET,BOLTHAVEN,69.96435896,8.178553538,2.737119829,9
RPUIGBOUYL,VAL,EVENDIM,25.05518558,4.80114692,4.994117726,7
TLAWQHMLKC,VAL,EVENDIM,9.132975476,2.351025557,5.955200548,1
TDTKKUMSAI,VAL,TREVALE,40.56871544,6.249351792,4.100659414,6
AJQHWUYLKK,HAR,GREENVALE,19.24883,2.179620369,5.294414031,3
BGPAQCMPRS,VAL,EVENDIM,26.01357546,3.402660208,4.856675469,7
GRSCWPJCRL,RET,BOLTHAVEN,42.52258453,5.108394373,4.17697678,2
GVUEZFODTE,RET,BOLTHAVEN,18.61775643,2.614242932,4.904500148,7
ZTOURGTUHV,RET,BOLTHAVEN,20.2923725,2.174790635,5.453850514,10
ZIUBURWTHH,VAL,ERROLD,100.0255253,10.15689817,1.679173094,1
CHSZKILMLL,VAL,ERROLD,67.50931954,9.579090706,2.566409842,6
FHCJPOMUCE,RET,BOLTHAVEN,21.90630209,5.263370174,5.362807091,6
RQKVNNXOZJ,VAL,ERROLD,39.02538548,7.646998281,4.220500143,5
IUNRNFRGRT,HAR,GREENVALE,17.08416045,2.144558084,6.66382285,6
UWOCKPTBGM,VAL,ERROLD,53.53115381,7.409802405,3.602132145,4
XYYDLRUCTS,VAL,TREVALE,25.15715712,3.139782909,4.729794213,9
VDIYJZWDFS,VAL,EVENDIM,31.90511519,4.479880142,4.939020404,9
YYKVHYSMRX,RET,BOLTHAVEN,28.08598103,3.516799502,4.480921692,2
RKTTTICFWX,RET,PETRAS,46.80984153,6.238846768,3.779474149,5
RTWDDSPDDG,HAR,BERRYFORD,34.57657249,4.871476772,4.002637104,4
DQFHHBEERE,RET,BOLTHAVEN,14.96441045,3.586905546,6.200427457,4
UYEAVMTBSK,VAL,EVENDIM,35.2609758,5.677965156,4.367741159,3
OPRGUYBOVR,HAR,BERRYFORD,31.76183627,4.360223882,4.622508423,9
EMXABYBKIB,RET,BOLTHAVEN,21.0209924,2.991392829,5.185174039,10
EUGNMIRITD,VAL,EVENDIM,59.53449177,7.395143989,3.29365929,10
UKVLFMTVMU,RET,BOLTHAVEN,34.28181122,5.463806458,4.334734708,5
VQIZWCDHMO,VAL,EVENDIM,21.28894968,4.593523092,5.316560327,5
ZGMGLKBNMH,RET,PETRAS,45.02622118,6.340426704,3.656451771,9
VYHESMRFZT,RET,PETRAS,70.06333015,8.697990296,2.775165223,4
VXAYYPUCOU,VAL,TREVALE,29.24614382,7.280091983,4.623427996,1
XJYUSKVWAL,RET,BOLTHAVEN,37.5043927,2.940289848,4.195957133,2
UIZZXJXICJ,VAL,ERROLD,33.70549756,6.630277815,4.438552414,1
HCRTPEIUMY,HAR,BERRYFORD,48.5369102,4.863234644,3.536871152,2
DWSWCHNJZB,HAR,BERRYFORD,43.60074425,3.272901979,3.748266002,2
COMYGUSZBS,VAL,ERROLD,12.99038848,3.864498449,7.294862697,5
UYJDTABWWW,RET,BOLTHAVEN,23.23908324,3.524414576,5.723213197,2
XYNMGZNBXC,HAR,GREENVALE,17.44172391,1.071094053,6.056221039,4
DEHXKPGIOS,VAL,ERROLD,29.99987001,5.200410879,4.806852658,9
TDCPOGMPSU,RET,BOLTHAVEN,33.10231077,3.534457518,4.335056922,7
RUDLVRQYZK,RET,PETRAS,26.72417019,4.868957878,5.068226575,1
MDSRWWWCMA,VAL,EVENDIM,32.3675342,3.874077529,4.643788989,5
FFLELTULUV,VAL,EVENDIM,29.45542189,2.98565938,4.596827081,2
UIHLDIDNQB,HAR,BERRYFORD,36.076006,3.008559181,4.47681751,3
ANSSPLXUBF,RET,BOLTHAVEN,31.00733376,2.100873863,4.44458259,7
USIIEYGKPW,RET,BOLTHAVEN,37.61546013,4.937375241,4.111106249,1
DNJDKWMSYR,HAR,GREENVALE,31.18649364,1.942287393,4.905427969,10
LUKKXSMFLY,RET,PETRAS,19.41948328,1.293629554,5.332854678,2
LYHQBOLEXA,VAL,TREVALE,41.80393136,6.354179437,3.806126948,6
ZOARQXMXEM,RET,PETRAS,68.07424508,7.719450982,2.653038648,2
PVJPUPPKNR,RET,BOLTHAVEN,16.81648405,2.893846952,6.217109655,10
QPRIOXNBRE,VAL,EVENDIM,21.94180409,4.375980778,5.12023689,6
FGWWIFPLEV,RET,PETRAS,37.26137351,5.299242314,4.322307314,6
SBFBDUSHXY,HAR,GREENVALE,30.31464962,2.71357257,4.465221458,10
GFUMJAECQO,RET,PETRAS,26.76605624,3.266616972,4.999102496,1
HVHNFUZDSW,VAL,ERROLD,39.01726151,3.740342286,3.882415741,6
OMBAWAUYDH,RET,PETRAS,27.46774391,3.717760944,4.947734175,2
YMWCOFQISK,RET,BOLTHAVEN,14.19300308,3.805863389,6.773949415,3
LTZTBMIPXZ,VAL,ERROLD,27.06205872,4.165970899,5.045366418,9
RWVWFDQOCV,HAR,GREENVALE,36.61523389,1.224303454,4.171872727,3
YEDQBFLSQO,RET,BOLTHAVEN,37.16139012,4.050694363,4.260783664,10
UTWIIPSIAF,VAL,TREVALE,29.86642918,4.87690704,4.981159723,5
YXUQIKCKTX,VAL,ERROLD,52.13290232,7.899340973,3.547114374,10
SQTDKPIJMW,HAR,GREENVALE,25.09592257,2.807694821,4.898786873,6
CWRAXMTDLY,HAR,BERRYFORD,28.25658314,3.307385273,4.489179962,9
JWXRDXRYFY,HAR,GREENVALE,31.76845585,3.752078665,4.878614921,6
TGMCTCULFF,RET,PETRAS,29.43775239,2.960418531,4.570878613,8
SVEPGJQUSM,RET,PETRAS,51.95074735,6.141239309,3.401074161,10
WLBNXUOXVN,VAL,EVENDIM,15.01119886,2.293550231,5.632190719,9
SEQXYEHWRU,VAL,ERROLD,36.12590952,6.020250102,4.273468117,6
SQFGKOYJIA,VAL,EVENDIM,34.81466547,5.116500891,4.608682563,6
PZBMQTAOHZ,VAL,ERROLD,30.01802164,7.468932132,4.631560693,1
CTVNMZRAZL,RET,BOLTHAVEN,22.92760267,3.493643772,5.753899733,10
YNVLWGBNYA,HAR,GREENVALE,19.8266073,1.543326184,6.984951971,4
CCHDPVEJFM,HAR,BERRYFORD,18.22813277,3.043335459,5.652053631,7
YHQPCNHCWI,VAL,ERROLD,57.07243921,7.921307222,3.094611773,3
IAIPEYSOJE,RET,BOLTHAVEN,33.46000174,3.442246775,4.242964959,4
WNDGOMSERK,HAR,BERRYFORD,43.58371061,4.687581735,3.66705537,9
JCJEMSCILR,VAL,EVENDIM,51.05432862,5.692785665,3.742256991,4
ODEWBEVCSE,HAR,GREENVALE,27.15744955,1.461669862,4.469643756,3
ECOXFXOOHU,VAL,ERROLD,23.51607167,4.269077959,5.060228205,7
PUUYTZMHCO,HAR,GREENVALE,9.258965658,1.774151229,5.9038584,1
ORZMARCNRW,VAL,ERROLD,18.54587987,3.143182143,5.587186901,10
PBJWAMMAXU,VAL,ERROLD,56.24032425,7.196058355,3.141690377,2
YAQOEARHOS,VAL,EVENDIM,45.76821667,6.976167469,3.808878857,3
OEMATMQXKS,VAL,EVENDIM,21.44481131,3.628809547,6.894423765,3
FRARMSZDFX,VAL,TREVALE,55.34706543,5.385161052,3.266073149,9
INZVTLKSGS,HAR,GREENVALE,45.12202067,6.50512317,3.757335087,4
HPXJZIUFJQ,RET,BOLTHAVEN,14.54640656,1.841787553,6.228239877,6
TYMZPFOVTV,VAL,TREVALE,50.44903965,7.728759013,3.277323399,2
FIJMPEDHLR,VAL,EVENDIM,28.15244281,5.320857673,4.834921082,7
NSPCRHAFDT,VAL,ERROLD,33.08675469,4.608415773,4.295506149,4
VBPPCVHFIA,RET,PETRAS,7.229675766,1.094217108,6.949324962,9
DKHLCSNUOM,RET,BOLTHAVEN,56.03694884,6.533148011,3.355575229,5
NJMXXAGNHF,VAL,TREVALE,49.19236046,7.688549006,3.411143509,4
UCZMSVRCNV,VAL,TREVALE,25.49524149,4.374331398,5.159527662,6
UNZEUFISDY,HAR,GREENVALE,25.58832755,3.733295976,5.077379906,10
RHGVQGYYLP,VAL,ERROLD,53.55039338,8.266009835,3.552126411,3
BQCKRFPIUG,VAL,EVENDIM,52.85319874,8.189466743,3.48833731,5
JTTUNLQUDL,HAR,BERRYFORD,33.61437363,4.416200253,4.451804378,7
CJBGJVISPI,HAR,BERRYFORD,27.67927953,2.592399055,4.564373292,9
OEIAGKMPWV,RET,PETRAS,35.8008223,5.951658583,4.453447042,2
AIVFFUCAXJ,VAL,EVENDIM,17.50143367,4.157856233,5.750108655,10
ZGLUMQKOUM,RET,BOLTHAVEN,30.6496685,4.626262781,4.389880643,8
QAOTTQDVSU,RET,PETRAS,31.46735022,3.512621701,4.670933188,3
BBDBISAPIC,HAR,BERRYFORD,34.35018548,4.178475244,4.200875559,1
MCWMOUCBVG,RET,BOLTHAVEN,21.31495243,3.170529676,5.095754408,1
DJTCSMOCVP,VAL,TREVALE,102.0523918,10.76321832,1.623782654,1
OQOLYYAEPM,VAL,ERROLD,55.35454659,6.414928056,3.032763654,4
DBIXFXRYJI,RET,BOLTHAVEN,63.09069482,7.27696807,2.911847807,5
OJFTJBIVGZ,VAL,ERROLD,40.10281389,5.780415549,4.131032125,10
BQJEXDNRPC,VAL,ERROLD,37.27763065,6.075781406,4.337964561,8
OKAIAWVJLY,VAL,EVENDIM,32.07381746,5.190350174,4.655081771,6
PVULQRUZAU,RET,PETRAS,31.1177624,2.220892895,4.700158909,9
QDRSEZZKHS,VAL,ERROLD,19.97331219,4.295386558,4.929624553,1
NCKCXCVFXG,VAL,ERROLD,12.34033694,3.788487015,5.75598181,6
OONICEWTQI,VAL,ERROLD,61.62345438,8.192965181,2.964268108,1
NYMJDBMJHR,HAR,BERRYFORD,12.51748403,1.241682714,5.893757515,6
ZGJEXCGAAF,RET,BOLTHAVEN,15.30722982,3.471417634,5.429317696,3
TNZCQAQMFT,VAL,TREVALE,105.239502,11.46298546,1.531698876,6
XBTORSDBFN,HAR,BERRYFORD,33.09247083,2.903033084,4.556617984,4
APBOOWIOET,HAR,BERRYFORD,22.91465168,2.94693402,5.311025762,6
EVDMMXYZWJ,VAL,EVENDIM,55.16447589,7.331498356,3.370013552,1
LKLVPZHESQ,HAR,BERRYFORD,11.37597795,0.02,6.234713541,9
ZPQWLAIJCK,VAL,EVENDIM,28.72796456,2.855046528,4.950422029,10
YSROQCDGDA,RET,PETRAS,58.01366669,7.878931773,3.149611826,3
IKCOYMDJYO,RET,BOLTHAVEN,51.67467516,5.901727174,3.384301404,3
MYOCMEBJHR,VAL,TREVALE,37.50529102,4.958167976,4.196269831,1
FSDGZDMUKK,VAL,ERROLD,42.04052847,7.120581843,3.85966453,6
PNYYMVQQNJ,RET,PETRAS,32.5694179,1.672107837,4.56475516,5
MOKWDBWEVY,VAL,EVENDIM,45.95508389,5.820200691,3.48730824,2
SVGYYXMRHR,HAR,BERRYFORD,98.89642478,9.167910082,1.632986984,10
DIAXMNYZIR,HAR,GREENVALE,17.59785089,3.338486766,5.675867792,10
LMRHEBCOMJ,VAL,EVENDIM,33.34923049,5.26013988,4.522041342,1
MMAVNXJUYZ,VAL,ERROLD,20.48124881,2.864319518,5.324205831,4
PULIXAREUS,VAL,TREVALE,47.99237509,6.417655379,3.686202921,4
DNHMPGJBNS,VAL,TREVALE,29.2529443,3.351728361,4.631078275,2
NXJDQFKLAM,VAL,ERROLD,20.20945884,3.903514007,5.494506154,9
IOMNRYYANJ,HAR,GREENVALE,15.09492769,1.269250151,6.794516931,4
XMMGAHEXRF,VAL,TREVALE,42.0976041,4.398999702,3.682037926,2
GXSTUTWBLJ,RET,BOLTHAVEN,29.82341686,3.834226331,4.657200235,1
LYMPMYFVNX,VAL,EVENDIM,19.54827992,4.269378483,5.117706175,8
EVVNQMEBKS,RET,PETRAS,25.28815709,4.268384484,5.32319857,4
XSWKWKHKMX,VAL,EVENDIM,25.40592737,6.739651102,4.846561545,9
GKSXUDIKRL,RET,PETRAS,26.52988466,3.953416779,4.567747546,1
OTMQGIFVTJ,HAR,BERRYFORD,50.09540059,4.80680365,3.679350638,9
YGIAEUEBYF,VAL,TREVALE,27.50802887,4.943209096,4.709920963,7
QBBMDWRJKN,RET,PETRAS,42.73882539,4.735850104,3.778034235,10
KDIKKBWSXW,VAL,TREVALE,26.2677484,5.454340023,4.74131158,1
XPGLIPHPLU,HAR,BERRYFORD,55.40256215,5.649527114,3.255808403,9
UKDECXLAGT,RET,BOLTHAVEN,60.11821621,7.449688847,3.15068502,3
ZVQVOEYYVV,HAR,GREENVALE,42.15691431,4.345803738,4.027928732,7
IUMXUOCGIA,VAL,ERROLD,43.91766221,6.601856919,4.100430812,1
UDGEMNFDMS,VAL,EVENDIM,16.80258136,2.428343837,5.822254826,1
KAAXKYPRJB,VAL,TREVALE,38.54416336,5.51028764,4.127074574,9
SGSYLFXNTB,VAL,ERROLD,24.85115451,3.718271436,5.101374443,2
PNNEFWHUDD,RET,PETRAS,26.46335901,3.553808582,4.792665984,7
EARLNZJGUU,VAL,ERROLD,27.90429287,5.686077803,5.009161912,6
GAXLTXPSSO,VAL,EVENDIM,25.63413252,4.607825239,5.070149223,2
WMEANGVEZN,VAL,TREVALE,26.36193163,4.926168312,4.942216473,9
XZYHEREHQL,VAL,EVENDIM,65.9435396,9.332768475,2.678856839,9
ABCYSBVXNC,RET,BOLTHAVEN,44.554771,6.831719788,3.857530546,4
UUXZZTFONK,VAL,TREVALE,92.97702434,12.55836212,1.709359452,7
MAURKCFRNK,HAR,BERRYFORD,27.77514488,3.40955294,4.695098132,7
MKGMHTWBJI,RET,BOLTHAVEN,41.84562967,5.11909131,3.871000517,2
XJFVPCNUMJ,RET,BOLTHAVEN,35.41432144,4.860985341,4.167649253,6
OTURCFIUQK,RET,BOLTHAVEN,30.86016555,4.789886639,4.568481884,1
MXMQWEHWVG,VAL,TREVALE,31.33698486,5.560982927,4.275893573,4
DGPKTQOJBC,HAR,GREENVALE,18.54413445,2.591746051,4.820853007,6
AFCLYAHPVF,VAL,EVENDIM,18.87858516,3.434657798,5.195921919,8
KQEPNOFJVX,HAR,BERRYFORD,26.86112246,3.811917457,5.176322303,3
MQPGAXJJHL,VAL,EVENDIM,22.7957583,4.545944087,5.161100258,4
KEXLGTFTFJ,RET,BOLTHAVEN,24.21000202,3.085661847,5.351022686,10
KFYMRYNUGI,VAL,EVENDIM,33.23684241,6.899476854,4.600072296,9
DYXFLATDBO,VAL,EVENDIM,27.2702252,4.483777093,5.021041294,4
JNRALIXCKR,VAL,ERROLD,44.81195872,6.254965922,3.930625558,4
PQEGJYVKJD,VAL,ERROLD,22.09080678,2.370163646,5.314011247,2
ALHAEXYXLN,HAR,GREENVALE,51.12506439,5.073115373,3.299994036,1
DOUGGLHBYM,RET,BOLTHAVEN,70.56936767,6.191448635,2.558404201,6
FKFIATXAFA,VAL,EVENDIM,26.87494395,4.465536637,4.700853339,8
ZKSTYDRHMD,HAR,GREENVALE,57.13860117,4.374115374,3.247713991,1
HPLTUABQDA,RET,BOLTHAVEN,36.03463536,6.320973072,4.344626286,1
EJSJSOPRIB,RET,BOLTHAVEN,26.62092915,4.755999747,4.738492913,4
SECYXYRBOH,VAL,ERROLD,46.12020008,6.421376029,3.647253905,2
MPEZCVEUCR,HAR,GREENVALE,19.93582691,1.130971129,5.071639982,6
DSLWFUESVK,VAL,EVENDIM,20.94435845,4.786164273,5.281623851,2
BJWQIWZUIV,VAL,TREVALE,34.05670432,6.150045615,4.135956312,1
UKGEIWGJUJ,VAL,EVENDIM,41.23360058,6.437483774,3.844094875,9
RPOJWVKOCT,HAR,BERRYFORD,21.04516539,1.466491604,5.726895622,7
DEWDWBUKKE,VAL,EVENDIM,57.19998712,7.723594049,3.196199091,8
VSVCOVXVRV,VAL,TREVALE,14.94229376,3.458979185,6.246080031,7
QAQTXXCLTK,VAL,TREVALE,24.15930004,4.165078321,4.98584382,2
EJRMTPASMC,RET,BOLTHAVEN,54.71690045,7.088794091,3.429029027,10
CJWNKWMJTK,VAL,ERROLD,30.22238336,6.625109507,4.44423722,5
RIXTJYWOXI,HAR,BERRYFORD,78.57753506,7.95509099,2.13011429,1
QUVUATOAEO,VAL,TREVALE,29.93245014,3.532776346,4.453319009,7
PPQXYMZVDN,HAR,BERRYFORD,50.64632576,6.129096419,3.476590094,7
IPVIXPUAWC,RET,PETRAS,9.091927633,1.563609136,6.235492771,9
ZKNOEKIQFV,RET,PETRAS,12.71242874,3.05541149,6.115761728,10
DGFQHVADXT,VAL,ERROLD,36.2289551,8.483411348,4.325953702,2
BJOQKFXRIU,VAL,TREVALE,16.35680396,3.678666327,6.104849252,4
VQNEEABNZK,VAL,EVENDIM,14.73608422,2.243210658,5.877266778,3
BMBJGFHHIZ,VAL,EVENDIM,16.07805379,3.713045374,6.260465772,9
QAMANTWYGM,RET,BOLTHAVEN,17.42802397,2.764517419,5.812255884,4
TTPHEYFPRX,VAL,TREVALE,23.14728689,4.094673858,5.178082109,9
IYUCBCWMGT,VAL,ERROLD,28.21177509,4.834526069,4.770787987,4
YSXPLRZUOO,HAR,BERRYFORD,62.50266048,6.93529681,3.192099503,4
PEPDCTRUOD,VAL,EVENDIM,67.37522172,8.876170994,2.761093012,5
YBQUHLREIQ,VAL,TREVALE,48.15103787,4.717262641,3.765087766,4
MKZSKLGHRX,VAL,TREVALE,30.18258331,4.721809191,4.539607166,8
ICQNIRNXZR,VAL,ERROLD,20.40018704,4.045573311,5.864361955,5
WVXQUDIUMD,RET,PETRAS,12.45802106,1.568345545,5.992497167,5
IGCICTHTMT,RET,BOLTHAVEN,18.86758523,3.26166851,5.843752656,5
RTXOAPKYWL,VAL,ERROLD,26.24145547,3.949498339,4.503233631,6
ODCEVDXXSB,RET,PETRAS,46.99621713,4.945610239,3.74224799,2
BDEOJQJKUJ,HAR,GREENVALE,41.34548085,3.277538703,3.991466419,2
JGBHIYYZJY,HAR,GREENVALE,34.92581086,4.232648328,4.268373494,2
FCOIIRIAQW,VAL,EVENDIM,32.66157804,3.967797333,4.364824823,10
FWQTOZDBDB,HAR,GREENVALE,46.76836889,2.401353136,3.723075557,8
VHHQZQQQQQ,RET,BOLTHAVEN,26.54754291,3.609929807,4.686553102,1
MGYBTOGTSN,VAL,TREVALE,45.0472397,7.167011052,3.893708762,7
ISURDLLKOG,VAL,EVENDIM,40.78152212,5.447251629,3.988163551,4
IFYOAJTHEA,VAL,ERROLD,30.70148846,4.905185356,4.746615858,9
MOLCKMKDMH,VAL,TREVALE,18.0097934,5.143311729,5.425059595,8
RTBHDMYPON,HAR,BERRYFORD,26.56287488,3.328617864,4.894926111,5
JGFHGGZOVC,VAL,ERROLD,30.41243144,3.830346742,4.517445388,4
HKAVLEBWPG,VAL,TREVALE,26.65015834,5.417815092,5.099164589,3
AARNOEIXTK,VAL,ERROLD,34.20743393,4.457531634,4.342391625,9
UGQOKEKMKS,HAR,GREENVALE,49.98581334,5.241195336,3.624855334,2
FVQYWGPHBQ,HAR,BERRYFORD,38.06213721,3.070103355,3.876816095,5
JPZTYIUIIX,VAL,EVENDIM,89.08875476,12.71460617,1.936617279,9
QHTJAHFDGV,RET,BOLTHAVEN,39.73882516,4.603967486,3.860451086,10
EKVCRODZQS,VAL,EVENDIM,31.15216612,4.901327665,4.281338068,7
QPBYTMDPVC,RET,PETRAS,35.55119221,5.142178077,4.637600092,4
ADKRJTWDIB,HAR,BERRYFORD,58.97912227,6.132445518,3.07202782,8
QUCZGFKQVN,RET,BOLTHAVEN,33.66620031,3.699911977,4.547816221,4
PMYSXSULRT,VAL,EVENDIM,36.71944274,4.192178427,4.308712533,3
GLRJVWWVKS,VAL,EVENDIM,30.46888351,6.015588761,4.28233174,5
OAYHTPKFQR,VAL,EVENDIM,24.97909079,4.287147562,5.368771002,5
HWYGMRDJWV,VAL,TREVALE,30.81388185,5.583142094,4.618062425,6
EGRBFUVSHF,RET,BOLTHAVEN,53.78094247,7.752737778,3.191556241,7
IAUMURSRYU,VAL,EVENDIM,55.3975726,6.790810062,3.231624117,7
HPWVQRUAEF,VAL,ERROLD,22.55320101,2.372269204,6.079548123,8
AISSTLDRGZ,VAL,TREVALE,24.89478405,5.394084917,4.844324361,9
HRYTQVJOES,VAL,ERROLD,21.40499606,2.879893224,5.111392083,3
YAJAZROLDG,VAL,TREVALE,18.84308968,3.57278976,5.213444014,1
BZJZYSVOKW,VAL,TREVALE,17.10096426,2.954876284,5.467579719,5
IOROVUXJNW,HAR,BERRYFORD,32.96059985,3.172471207,4.273393385,2
KJHMBSVPAP,RET,PETRAS,21.07844376,3.804814893,5.309154471,5
VXVKAYDGTH,VAL,ERROLD,19.28251984,3.482458484,5.286672612,8
LLDHDUCKND,RET,BOLTHAVEN,40.99027116,3.520767598,3.842038613,4
HJVYNNMTYZ,RET,BOLTHAVEN,50.73880895,6.341185392,3.488304648,2
XJDSLHGTCS,VAL,TREVALE,44.9996239,5.450308343,3.869806765,2
ACPIJOTLBA,VAL,TREVALE,39.70745657,6.977215392,4.045615963,3
PCCHUTSHTO,VAL,TREVALE,61.20737631,7.058211672,3.146791063,8
QMAXBVXCTT,VAL,EVENDIM,13.34621181,5.296342021,6.517517667,4
KQMLWESQPP,RET,BOLTHAVEN,61.79233737,8.000052406,3.023952102,8
GLOVPQKUCR,VAL,EVENDIM,31.80667458,5.527584403,4.440664941,9
KJRFGWOJVO,VAL,TREVALE,24.1597344,4.883857442,4.798755789,4
DHOIDYYSJV,VAL,ERROLD,38.89262207,5.051724152,3.990498099,8
NZEBHYLCXY,RET,BOLTHAVEN,19.62725431,2.581517814,5.454354813,9
QTKYAPHLCT,HAR,GREENVALE,26.15494052,0.525754756,4.872003333,9
VZBWYXDGOI,RET,PETRAS,16.23516589,1.799942638,5.818398453,4
WXJEMIBDYO,VAL,EVENDIM,28.80728031,4.618395577,4.693760596,5
WXJEMIBDYO,HAR,BERRYFORD,51.44828239,6.056689163,3.344622108,8
ETDTSGLGVH,RET,PETRAS,27.98413572,3.508944613,5.245676208,3
WADSHEOCNY,RET,PETRAS,65.85753973,6.922805858,2.894778092,1
SCXEDJCEVX,HAR,GREENVALE,44.78034328,5.45849668,3.741352207,5
NTNJTYXVXV,RET,PETRAS,31.00102619,2.44137056,4.331145929,3
SRWBHLXJAG,HAR,BERRYFORD,68.91453082,7.841453158,2.955704359,9
QNEJNZAMTE,VAL,TREVALE,27.15387782,3.585487946,4.883051362,8
QCKXXNVGQF,VAL,ERROLD,24.671777,5.701501233,4.870242463,8
GBRBGBRZSB,VAL,EVENDIM,40.20064918,6.428761186,3.986661008,2
QKWQKIOPQU,VAL,EVENDIM,20.6117644,3.371945321,5.280057697,3
RGJECUQTSP,RET,PETRAS,35.70581636,4.480841461,4.443749632,7
TQPMOBFEJS,RET,PETRAS,42.26309341,6.00093893,4.069718249,7
YJAQKMNYMO,VAL,TREVALE,20.68836267,5.488494614,5.053471309,10
DHEMNEAGHP,VAL,EVENDIM,46.75201965,7.509292805,3.635460359,3
WJHJOHXZDO,VAL,TREVALE,23.31512982,4.318244952,5.135823198,7
QBAPDXULIX,VAL,EVENDIM,32.89364645,5.931472044,4.831272852,9
UHACQPNJSD,RET,PETRAS,19.38048032,3.89870379,5.771526825,4
RLCRRUTXWB,VAL,TREVALE,58.92462056,8.441132582,3.182667141,8
PYPMZWNWCG,VAL,ERROLD,41.87265044,6.36446682,3.865903036,7
JUDDSHXQRT,RET,PETRAS,53.71735717,6.256908094,3.518133098,4
HQBOYYMCZT,RET,BOLTHAVEN,25.9624908,3.403838063,5.237724082,6
CKZCPUPYEV,VAL,EVENDIM,35.05789519,5.662553005,4.437778482,1
OEQCEHEMKM,HAR,GREENVALE,45.69173365,6.391152127,4.052145282,6
BHEPCTLHVG,HAR,BERRYFORD,29.6132158,3.929505777,4.762569047,6
KRFHZWIURX,VAL,TREVALE,24.05057395,3.718468915,4.815393318,4
LYSHHSHOEC,VAL,TREVALE,16.9912005,4.226949596,5.791467444,6
OSVBJGGWYT,VAL,TREVALE,23.66229797,3.477795593,4.738303883,5
MJBZTRYSLY,VAL,TREVALE,45.8819989,5.18291114,3.644020452,6
OLHMIYWYLF,VAL,EVENDIM,16.23457468,3.795537775,6.419618226,7
CAFOTUKJPX,RET,PETRAS,30.60426226,3.622906744,4.494695548,10
LZTOBWBIVX,VAL,EVENDIM,58.03260593,6.72818598,3.220401683,3
LELRVUKJFW,HAR,GREENVALE,15.20742342,0.706890725,5.589628448,3
BIZFWEZSVZ,HAR,GREENVALE,32.26726056,2.333456225,4.561253773,1
AVJQHFFZIF,VAL,TREVALE,48.8521097,6.008507511,3.514194416,6
BPXEXVONSS,RET,BOLTHAVEN,33.77358355,3.709070692,4.37760792,6
HUUYQDRHLT,VAL,TREVALE,33.45049415,5.466867792,4.230085438,3
OGYHYXVRKS,VAL,EVENDIM,33.25997497,7.941405897,4.501849743,3
JOPXVZXLFT,VAL,ERROLD,16.60176024,4.470113128,6.385539232,5
BUIXQYZBZT,VAL,ERROLD,67.5890247,8.98169438,2.788001377,2
EQMWLEIVOP,VAL,TREVALE,44.21130812,6.153063878,3.824195514,5
DTXLNZEUFA,VAL,TREVALE,45.94081879,6.481255179,3.497917757,7
YPOJEEMUTU,HAR,BERRYFORD,32.63530625,1.675660279,4.325111233,5
WJKCUJOQKQ,VAL,EVENDIM,35.46960139,7.431951639,4.465217006,1
WLCQODGDVF,RET,BOLTHAVEN,14.64198141,3.500269634,5.403489551,7
NZYBKUPXYO,HAR,BERRYFORD,36.58197146,4.0577909,4.274453627,4
XATVBREZVN,RET,PETRAS,46.78418833,3.790367106,3.524525726,3
PGRFXZUREB,HAR,GREENVALE,42.65741019,4.267374779,4.008872632,8
LSCJQSRMNW,RET,PETRAS,61.25187951,6.427331176,3.080709957,9
QDNIWISXNV,VAL,ERROLD,15.47333674,3.550057532,6.080078643,2
DLNEEGORND,RET,PETRAS,37.8390732,6.007024051,4.195197708,8
MNGKTJTQWM,VAL,EVENDIM,37.76112608,4.521933854,3.946279311,2
JRARXQIHXT,RET,BOLTHAVEN,16.66457459,2.906244959,5.931518251,9
YWNGQRYTKY,VAL,EVENDIM,57.19603426,9.155230831,3.08381584,5
JLMFJTYLPS,HAR,GREENVALE,38.64335796,2.348384589,3.980660283,8
XBWUNRWFAM,VAL,TREVALE,22.3754163,3.813247194,5.053862837,2
EYDLQWTCUR,RET,PETRAS,42.27361082,5.868773083,3.930424214,1
GFCARDNNFI,VAL,ERROLD,41.98921555,6.058919993,3.836301654,3
GSUAOAMDDO,RET,BOLTHAVEN,23.46471159,3.519804942,4.719115387,5
TEAXDQZTWC,RET,BOLTHAVEN,24.88951706,3.648968134,4.883410894,6
RKUNNJZIBB,RET,PETRAS,85.62351545,9.362520649,2.13572377,7
NCJSPLQNCD,VAL,EVENDIM,55.23932055,6.302685763,3.320720863,6
CKPYZMKIMJ,RET,PETRAS,34.70408667,2.991336298,4.525997275,5
PRHVCQHITF,RET,BOLTHAVEN,41.46666469,6.551525381,3.788900247,7
SUDEFMQNCI,RET,PETRAS,37.58613538,4.123611212,3.976277886,1
RXJNKDKYSG,RET,PETRAS,32.24769941,6.178328463,4.305616562,6
BJSQMTBNHK,RET,BOLTHAVEN,51.62743105,5.776314748,3.463316295,1
QDVJLRZIKN,HAR,BERRYFORD,29.14175622,2.236051394,5.167280149,9
DSNUBMFTJG,VAL,ERROLD,25.06191937,5.077338384,4.63397687,6
ICEPUAVDFF,RET,BOLTHAVEN,25.18841859,3.373300478,4.869236965,2
ETDSQTTATR,VAL,TREVALE,46.67875418,8.887795992,3.573858414,8
EFWOFEVVEA,VAL,EVENDIM,56.5326303,7.905319601,3.355686792,10
TGZPMWXBOS,VAL,EVENDIM,30.51277721,5.111247144,4.241233576,5
UHMASQAWDO,VAL,TREVALE,14.27285202,2.719267483,5.833809237,4
UOYRMSOXMT,RET,PETRAS,25.55788016,2.063164494,5.176683431,5
IEOTPFNRCF,RET,BOLTHAVEN,33.3129301,3.351297034,4.43499994,1
CIVFUOZQVF,RET,BOLTHAVEN,25.30829388,2.889223825,4.806677405,10
CRRRHVVKIY,RET,BOLTHAVEN,25.45815721,3.096584629,5.192061653,4
WKAKTRFJYX,HAR,GREENVALE,27.30004303,2.312528114,4.559034479,6
RPLZOJMFJC,VAL,TREVALE,40.20225388,5.459048734,3.982493703,2
UDYQTFTQTN,VAL,ERROLD,53.44623094,7.36628877,3.366920447,9
GECYLIJKOG,HAR,BERRYFORD,24.6378565,1.37117549,5.258653284,9
YDBVYXFKLP,VAL,ERROLD,13.43601794,3.597362298,6.878255242,10
ZMDDSQRBCI,HAR,GREENVALE,27.82752504,3.634290224,4.408244683,3
DLKHSABFJW,VAL,EVENDIM,50.75074791,7.205811708,3.465114719,4
CIOCAZGANK,VAL,EVENDIM,23.92397664,5.638486158,5.212614733,8
DNNBRKFNBQ,HAR,BERRYFORD,28.07155568,1.331408693,4.692135193,1
CQGERJTTCT,VAL,ERROLD,36.28322197,7.37582379,4.543274014,8
ATQSEYMMVM,RET,BOLTHAVEN,58.71993082,5.928434399,3.042692357,8
BWFWHXVBUQ,RET,BOLTHAVEN,34.31890114,4.323413021,4.530699101,3
WGPQHSZNQH,VAL,TREVALE,74.06063043,8.682392922,2.609324197,7
RYOHUZTMBV,VAL,TREVALE,31.34148904,4.076647232,4.351317864,10
EHQHQERHNH,VAL,TREVALE,18.53369776,4.20938116,5.56761622,9
XJDWNUHMJI,HAR,GREENVALE,11.611674,3.301092744,5.984303399,7
ALOKEXUODH,VAL,EVENDIM,44.05440758,6.898516615,3.797041208,5
DNRZDWGUUS,HAR,BERRYFORD,24.89649668,3.838184661,4.915893759,8
CIDWUDHKHF,RET,PETRAS,52.11243908,5.707556333,3.257926212,5
LIPRNHIYMC,HAR,GREENVALE,16.55982947,2.879464526,6.337101942,10
ZMGQNJZCFK,VAL,TREVALE,43.12406124,6.157838928,3.761355154,1
JAOSDPPESP,HAR,BERRYFORD,85.90312652,10.3278649,2.275618401,1
EQHLJUIZEU,RET,BOLTHAVEN,94.37791741,10.22065513,1.779080574,6
ZERPKCEZHN,RET,BOLTHAVEN,59.97252451,7.698214745,3.137015639,3
EHGMHDKBET,VAL,TREVALE,61.92562296,8.514829704,3.030352057,7
JDNHUHALIE,HAR,BERRYFORD,38.08548438,3.271023636,4.248039758,4
YCVALQBRAR,VAL,TREVALE,42.78550895,6.250264854,3.780529902,4
YSFERGPUTJ,RET,BOLTHAVEN,55.71761762,6.089166397,3.163970574,9
QOQUQSOTVO,VAL,EVENDIM,35.21930297,7.06679837,4.755391865,4
WCFZFVTAIT,VAL,EVENDIM,24.38483011,4.748403178,5.261733459,5
HACIHNWHTZ,HAR,GREENVALE,96.14456483,9.930893754,1.849492394,7
QFQHMWOMZB,VAL,TREVALE,33.99060203,4.674759444,4.560174576,2
PRSQAKNCWU,HAR,BERRYFORD,29.798524,1.748174071,4.817243123,6
SQCWUCCAXH,RET,PETRAS,22.53990493,3.157635706,5.11808242,5
WCUAMNGLAV,RET,BOLTHAVEN,48.90014992,4.625376371,3.34799975,10
BRTFBFSLOH,VAL,ERROLD,24.67911959,3.788802308,4.901616908,9
ZUOQYHNGCI,VAL,ERROLD,14.059157,2.871293763,5.815125178,1
ABYSCFZCVH,VAL,ERROLD,15.77527655,2.481645033,6.12798606,4
TGLKEIJJBK,HAR,BERRYFORD,70.98063258,6.741094546,2.627728252,1
WIJVQCJMIN,HAR,BERRYFORD,34.76081647,4.133371494,4.562521611,7
UXAIIEZREM,HAR,BERRYFORD,26.41152198,2.497671257,4.935761778,7
PHNJZZDRAH,HAR,BERRYFORD,13.64609909,1.432237315,6.267948498,4
WMNQPSHRJF,VAL,TREVALE,27.16717604,2.746049078,4.618592019,8
CPOVJLMIOI,HAR,BERRYFORD,41.73222627,4.405781847,4.160592707,9
BYNTZECUXY,VAL,TREVALE,19.65139526,3.543108293,5.089371996,1
SZRVJTRQFE,HAR,BERRYFORD,36.80692385,5.177100453,4.068184543,3
AWZTGVMEHO,RET,PETRAS,23.85442884,1.47358277,5.482743435,9
OZRMAMYFRT,VAL,ERROLD,26.48768495,5.174147267,4.764864722,4
DBAVBLYQHK,VAL,ERROLD,46.38151606,5.018232701,3.607673229,7
MNYEWRWWIA,RET,BOLTHAVEN,38.44405113,3.299604212,4.381763264,1
QXPDZEIZCJ,RET,PETRAS,47.79103954,5.993565587,3.587717447,1
SCOGEVEUQG,VAL,TREVALE,63.98599025,8.373955446,2.839763758,8
WJKVWDZLKZ,VAL,TREVALE,17.63235215,3.249879964,5.821022868,1
GDGTYRRBWU,RET,PETRAS,26.46262369,3.935797661,5.090821396,9
POCQCRUIMJ,VAL,EVENDIM,28.37862103,3.427851321,5.0355269,4
ASMNCKTMEU,VAL,EVENDIM,12.3283015,3.908688115,6.239670996,1
NYACQLXOFW,VAL,ERROLD,28.25251763,3.134849284,4.885210735,9
CIQHLCDRBB,VAL,TREVALE,58.32225295,9.234118713,3.141854434,2
WRFFEVNULU,VAL,TREVALE,26.43577247,5.775869706,4.586910587,8
KQBKAUKHRY,VAL,ERROLD,34.539148,7.096466155,4.061395926,4
LPFDEGNEQK,VAL,EVENDIM,21.09261432,3.696527607,5.165959148,4
YSNEBBHLFJ,VAL,ERROLD,37.93420961,5.303530199,4.238227649,3
GQGMFEBEYX,HAR,GREENVALE,21.66755105,4.12925237,5.473334852,3
CWEPPOWVCY,RET,BOLTHAVEN,54.87909701,5.783220003,3.303584253,2
MCEUVNBMHO,RET,PETRAS,50.01969978,5.180256465,3.402784662,5
CSVRPPJYKI,RET,BOLTHAVEN,48.07329164,6.727762022,3.650585826,8
GGTUKRPAZL,RET,BOLTHAVEN,32.61230153,6.32369264,4.308479341,3
BCIWKXLYUM,VAL,TREVALE,20.40887336,3.321024165,5.447240431,2
WAQTNGUKJI,RET,PETRAS,44.43490519,6.391338874,3.90249738,5
KICVJGMBCD,HAR,GREENVALE,NA,3.492590518,3.766441612,7
OQSTDLPSRG,HAR,GREENVALE,41.64865744,5.069749763,3.726519236,10
TGVTBVXCEH,VAL,TREVALE,48.34149301,5.931137121,3.808030644,8
IEUZFIRDNH,RET,PETRAS,14.4072252,3.472896544,5.999275998,7
HDIMIIQGZM,RET,BOLTHAVEN,35.2252777,4.217290612,4.155129405,9
YGLQLKQCBY,VAL,TREVALE,51.72195523,7.06591534,3.439308683,3
ISOQDXNIVH,HAR,GREENVALE,55.92522936,7.029851226,3.261587119,2
BAITAIJJQO,RET,BOLTHAVEN,20.53403487,2.086571623,5.235204508,7
JNCWTZZISJ,VAL,ERROLD,30.68441635,6.34997974,4.632497003,3
YBDPGXUKST,VAL,ERROLD,66.37346073,9.265090539,2.827352084,8
HPPVNFMXCD,VAL,TREVALE,8.433869842,1.922764572,6.802919969,1
GWGHATYRIZ,VAL,EVENDIM,17.11855772,5.590258552,5.549766327,10
IMILXJEXOX,HAR,BERRYFORD,76.791246,7.741551379,2.492251879,1
DNKWYQLIET,VAL,ERROLD,58.4034274,6.802099794,2.963695752,3
LLECIVDGUC,VAL,TREVALE,22.02504986,2.474479968,5.529215513,7
UXHLPUQDEI,RET,PETRAS,69.79421445,7.823102984,2.761790997,7
DAYJNLXGLE,VAL,TREVALE,10.69983611,2.829888238,6.330975993,5
BRSXALANQN,VAL,ERROLD,26.95247921,4.857957163,4.830475756,2
VQMPKNUYAQ,VAL,EVENDIM,46.1131864,6.538708014,3.545986872,8
GEUJRCSCBD,RET,BOLTHAVEN,19.70372865,4.687711148,5.303260926,4
WBGCFEQVSH,VAL,ERROLD,36.4982422,5.340966734,3.977776183,8
YDPPFZIHOE,HAR,BERRYFORD,25.54178549,1.618541992,5.015138596,2
EVEOTERMJX,VAL,TREVALE,58.36415475,7.057032291,3.092393432,8
YCRVLQTFHW,VAL,ERROLD,23.10229313,3.849717571,5.123317418,5
IYLOAHAYJV,VAL,TREVALE,22.45358211,5.121641723,4.937662989,6
HZIINNAJPY,VAL,EVENDIM,42.43684341,5.382574404,3.553338909,9
FLMLWUQCIC,HAR,BERRYFORD,31.67453068,2.199034765,4.142397819,3
KJVVDDUDWW,VAL,ERROLD,48.94986174,7.107431038,3.806710873,3
EICARPGBIR,VAL,ERROLD,23.73366341,5.526622223,4.977151718,9
MWFKLDURDY,RET,BOLTHAVEN,58.51673343,6.070306124,3.132177744,8
HBIFQXKTAK,VAL,EVENDIM,39.32213603,6.913668708,3.869496066,10
ISGOTMIRBA,HAR,BERRYFORD,47.47203363,6.293460511,3.658333794,2
XAXSWRCVBJ,HAR,BERRYFORD,22.42658962,2.473383582,5.184641554,10
MUHSYNNRFX,RET,BOLTHAVEN,30.0617297,3.909161447,4.360746837,5
ZJZHVWPEKE,VAL,EVENDIM,68.23822335,7.260431591,2.747231286,10
VLINLMQJAW,RET,BOLTHAVEN,29.74030291,3.696946581,4.353392519,6
JYGARFRXGN,VAL,TREVALE,23.29336962,4.339280776,5.396277552,8
JTMPBVLVSH,VAL,EVENDIM,22.84529618,4.403492389,5.324201911,8
GFETOHLVVK,VAL,TREVALE,22.91883767,5.5920513,4.951508134,8
PIHDXODGNX,RET,BOLTHAVEN,47.30629705,6.793660921,3.870731482,5
IHIXDOFKMR,RET,PETRAS,42.54384748,4.714344333,3.938925784,9
UNYIFYQSAG,VAL,EVENDIM,56.95699865,6.89442091,3.329612151,5
LODRZXCJKV,RET,BOLTHAVEN,15.47036067,3.435514601,5.47619617,5
MXYFAWCHEZ,VAL,EVENDIM,63.6037726,8.158473927,3.087634051,4
VKCWZJMLYH,VAL,ERROLD,10.77038027,2.58899282,6.282588164,3
ZGOVMKCGHP,HAR,BERRYFORD,53.57811689,6.498814959,3.428129661,8
PUSZVYQHML,VAL,TREVALE,18.10660577,4.007946418,6.147041509,8
VUSHXIAECC,VAL,TREVALE,44.87833344,5.873411059,3.814873059,1
ADGWLUMNZI,VAL,TREVALE,44.71835749,6.258783711,3.739526462,10
QVODRCIHFR,VAL,TREVALE,24.95229937,5.885162541,5.179988561,6
EJKHCBSYIY,HAR,BERRYFORD,32.75266338,3.441730858,4.624782059,1
DIXQPXKBBD,HAR,BERRYFORD,34.30565864,3.122821963,4.082537802,1
MZHKECTLXI,VAL,TREVALE,46.81204644,6.949850144,3.590154778,4
JSDBKGIMPZ,RET,BOLTHAVEN,76.03808626,8.052326951,2.39758331,10
EQTKCLZSTI,RET,BOLTHAVEN,41.89019336,5.385297275,3.875889157,10
EPKCZYCYDN,RET,PETRAS,26.65861388,0.996340799,5.673496493,8
IQWCQYNNUF,VAL,EVENDIM,37.02491147,6.3885808,4.003814232,3
HGUNHLQYAD,HAR,GREENVALE,27.58777271,2.047490052,4.821693769,6
NVTKTNSQIZ,RET,PETRAS,47.486214,5.615208208,3.649053981,6
SAMVGCRFZA,VAL,EVENDIM,42.43696321,6.699105618,4.187196414,4
OVHOSKCIKR,RET,BOLTHAVEN,40.76978071,6.503857502,4.002861535,5
XSUSGZKJNH,VAL,EVENDIM,28.36569571,5.212828941,4.725179863,6
ZSQCPWOTOQ,RET,PETRAS,34.13194436,5.787615242,4.546191852,3
STRPLUFQEL,VAL,EVENDIM,47.33820513,7.087998676,3.645060847,2
LEJQKCUIZC,RET,BOLTHAVEN,22.65700436,4.454310744,4.980865601,3
IIXHELPUNO,HAR,GREENVALE,19.82640102,1.717903814,5.533491499,3
ICUBFARYSQ,RET,BOLTHAVEN,19.66379651,1.177592074,5.35231757,2
IYMSHCNKHU,VAL,EVENDIM,23.18446581,3.215247378,5.367416433,10
YYMNINHAFJ,VAL,ERROLD,34.69589021,5.166476858,4.104328783,2
IKNTGKYECN,RET,BOLTHAVEN,47.95259102,6.513619432,3.841348496,9
BWJVAJBNUO,VAL,EVENDIM,13.6772858,5.290686459,5.786141026,7
WPAXFPPWRG,RET,PETRAS,22.14188318,4.023085315,5.067954222,4
CZLXXFHPHZ,HAR,BERRYFORD,20.5681875,1.252228036,5.458615331,9
HFKBLHPKEO,VAL,EVENDIM,77.79150897,9.925858763,2.308621552,9
YFGKDGMKZT,VAL,EVENDIM,20.96184952,4.763829178,5.053228598,8
HGWXVYUDHU,HAR,BERRYFORD,30.53748074,4.943286313,4.598533883,3
UTKPZIIMVL,VAL,TREVALE,23.30953966,4.661243598,4.958396005,6
ISFDYXQBYQ,RET,BOLTHAVEN,46.33102378,5.921971214,3.721938672,8
PJWESOAIIT,VAL,TREVALE,26.8204524,2.907883596,5.287208954,5
WOGOGOVFJP,VAL,ERROLD,34.70784839,5.750224677,4.511348235,8
CHODKOGMLV,HAR,BERRYFORD,20.51848586,0.80792768,6.015626538,6
MRACNMTLEC,RET,PETRAS,22.3564068,3.028111352,4.640147187,7
WYHGATVULW,VAL,ERROLD,16.69169586,4.783391724,5.459263008,9
LSHKNZSBZW,RET,PETRAS,34.27897526,6.304482654,4.094238428,4
GYZNKPOXGK,VAL,ERROLD,26.43690432,4.142369935,4.916654074,5
YQJRRBEVHY,HAR,BERRYFORD,21.05211397,2.983775753,5.342792072,9
ZLFZSZIUNA,RET,PETRAS,58.9657535,6.547317347,3.025667227,6
QLRGAZBVSP,VAL,EVENDIM,37.83751042,6.820475829,4.235144391,2
BWGTHVZIAV,VAL,ERROLD,48.05565933,5.083823065,3.534349063,6
DVIJJTHAAM,RET,BOLTHAVEN,44.52424547,4.334416877,3.732122073,5
RANGHEHIJA,HAR,BERRYFORD,38.38862136,4.639331721,4.023996321,9
GLRNTSMWDL,VAL,EVENDIM,47.19240472,6.5091797,NA,3
LZIZEGICIC,VAL,ERROLD,24.57649313,3.599536591,5.033275825,7
VZTPCBRWCO,HAR,GREENVALE,23.51904266,2.599191743,4.643051887,9
SLRIYEZGFY,HAR,BERRYFORD,14.32364664,1.213352481,5.544436392,6
BYEQVIEMUH,HAR,GREENVALE,20.04966413,2.172863856,5.351283457,3
MKABRINOHU,VAL,ERROLD,18.01351448,3.532229169,5.49350316,1
EVUKZKYNCU,VAL,EVENDIM,25.69510326,4.0516374,4.878265198,9
ZYKQHCCRXM,VAL,TREVALE,71.23454588,9.224486157,2.51359863,2
KKKKCGNWKC,RET,BOLTHAVEN,25.09943135,3.945045639,4.514616433,3
NZJYFFXAUB,VAL,TREVALE,29.21343636,5.819506803,4.59106635,3
NGVWXRHWVG,VAL,ERROLD,53.07002723,6.921061772,3.088059118,8
MNDFALSBHC,VAL,TREVALE,54.32465651,8.093860099,3.244029132,8
IDIJJHWWCX,VAL,ERROLD,43.31249539,5.899802458,3.94809224,7
NBQAUESOOQ,VAL,EVENDIM,37.2845031,6.781275962,4.05314665,9
LZKTXGGNVB,VAL,EVENDIM,25.49903148,5.578146909,4.693727474,3
KHPXOVVFWE,RET,PETRAS,37.5454037,6.963629386,4.208627547,6
TFWTNIQYYS,RET,PETRAS,38.31307981,5.288189206,3.998410171,10
RYMJEDCIFG,HAR,BERRYFORD,33.9595044,3.978232534,4.355444428,2
XOOBJADYMC,RET,PETRAS,22.932103,2.597254943,5.119998991,10
CRGDTPCQHE,RET,BOLTHAVEN,11.03215485,1.117381928,6.1601537,5
KHVLCHLGOC,VAL,EVENDIM,54.68874606,7.875204458,3.446921588,7
VMQYJFILTQ,VAL,EVENDIM,48.07704655,7.971591048,3.781371382,10
EZZUHYOUTG,HAR,BERRYFORD,47.40472877,3.921594115,3.612490968,7
MYIEQTYPVG,HAR,BERRYFORD,24.89306319,2.809696392,4.905950483,2
NBDYVFPWES,RET,BOLTHAVEN,21.3542699,3.162994283,5.491251783,4
ZWBOSBECGO,VAL,EVENDIM,33.71205518,3.07844275,4.566627733,3
FNZHQNPNPN,VAL,EVENDIM,39.8966258,5.127953358,4.021491785,6
ADIUAWLDEA,VAL,ERROLD,22.81936854,3.125944978,5.151033709,6
YWXOJHGPRP,VAL,TREVALE,22.9663946,3.583042975,5.413950259,5
UEIZGJOEXO,RET,PETRAS,21.69852043,3.564435381,4.839810038,5
DZXNGLIHCR,HAR,GREENVALE,26.43100816,3.73928399,5.043578783,2
YJMADYBITG,RET,PETRAS,16.83926524,1.708315476,5.489096348,5
LTKTSCGEXG,HAR,BERRYFORD,16.09773517,1.432997667,5.484425368,4
MDYIFZEAVO,HAR,BERRYFORD,40.67971039,5.593115982,4.011666163,8
FWIQTLMULT,HAR,GREENVALE,28.65343785,3.207916108,4.970241086,1
PVHLIMLADP,HAR,BERRYFORD,42.6049436,3.127253022,3.938921318,8
GEIEVUGKLO,VAL,ERROLD,19.09208451,4.770961086,5.541205953,8
WKIAQFCIJO,RET,PETRAS,24.37375948,3.210234429,4.843219995,4
LBKPMWDJKF,VAL,TREVALE,67.60014822,9.870137398,2.692859058,5
OICJWEDAWC,HAR,BERRYFORD,41.5834467,4.076081404,3.716326992,7
WPQZEZSEHP,VAL,TREVALE,35.06582271,6.636443955,4.157287103,8
JQQJRURWQN,RET,BOLTHAVEN,20.12211335,4.033529238,4.976410537,7
YDVRQWYHME,VAL,EVENDIM,35.62497103,5.280272342,4.318142738,10
UASJMFANPM,HAR,BERRYFORD,34.17122034,4.684777184,4.059714868,2
ABEENBZIAU,VAL,EVENDIM,40.41643009,7.264346147,4.123197418,2
GZZDRZDTEJ,VAL,ERROLD,19.11086683,4.059200551,4.948052976,8
FXNERXLABN,HAR,BERRYFORD,28.61393288,3.403568106,4.522695612,7
IRLFWXWSBE,VAL,EVENDIM,25.78189661,5.065552903,4.76337401,9
YXGZNOHHJU,RET,PETRAS,27.55495522,4.799689558,4.900416735,7
ZVXYHNNTON,HAR,BERRYFORD,76.99818504,9.349313205,2.344293557,10
CMNJHPEMKP,RET,PETRAS,33.01653363,NA,4.882473371,5
SZECEUFRCI,HAR,GREENVALE,17.60911701,2.374659702,6.513151808,6
TANEHKDXRF,RET,BOLTHAVEN,31.45905088,5.527783124,4.508793788,9
ASFGIIAUGL,RET,BOLTHAVEN,17.72926376,1.310426583,7.530518486,2
QHHBAJWURW,VAL,EVENDIM,38.60627491,4.999567607,4.347297372,6
QGLMJALMJT,VAL,EVENDIM,27.51419519,2.572454689,4.610329228,8
ALREZPPQJJ,VAL,TREVALE,43.55766766,6.334789618,3.845765816,10
IGIFFOAGXC,VAL,ERROLD,12.28947247,4.027723138,5.979717367,5
OZIFYLULUY,RET,BOLTHAVEN,23.89645314,2.976027655,4.983714746,8
JLQJIFQGLE,HAR,GREENVALE,21.46650342,1.834039647,5.474001111,3
TGQXQIEAEW,VAL,ERROLD,53.28903072,5.152544008,3.477800423,1
YGVFEBRJTS,VAL,ERROLD,25.22552259,5.534932977,5.266348083,8
NAVZQZAHUT,VAL,ERROLD,38.50356271,3.785074873,4.153468458,3
RYARWHEKDS,HAR,BERRYFORD,62.6888025,5.478037864,2.943721532,5
UWTTCWEJJP,RET,PETRAS,34.37805287,3.731660604,4.480003426,6
SRGMRZRREE,HAR,BERRYFORD,18.64240941,2.117931241,5.331782625,4
LZIRAGSATI,HAR,GREENVALE,24.07018999,1.015278134,5.106303443,2
QURCLHYRBU,VAL,ERROLD,18.66743904,5.096657867,5.418704018,5
YJSTGROYOS,RET,PETRAS,17.43155309,3.763335355,5.621337069,2
WZFXDVEGAD,VAL,EVENDIM,57.1155558,7.422457704,3.053907471,2
VLYAMTXZNO,RET,BOLTHAVEN,21.27721578,3.010538233,5.756683328,6
IWMHABETDP,HAR,GREENVALE,70.51265376,7.242063173,2.55551394,2
FVFILSLBJG,VAL,TREVALE,29.65402582,3.79384288,4.811470929,2
RQVWKBTEJT,RET,PETRAS,27.97528243,2.717772877,4.891578573,10
CXXSRTFMUG,HAR,GREENVALE,49.37085517,4.508023641,3.56134628,2
AQSAIINMRP,RET,BOLTHAVEN,83.65154361,9.394896378,2.137539117,5
AGKYPFUHYM,VAL,EVENDIM,35.41051388,5.985772843,4.242238965,10
LBSZGZGZGV,VAL,EVENDIM,20.86975551,3.879614227,5.038130866,9
RAWFGGIRER,VAL,TREVALE,60.66975624,7.671300943,3.139884289,9
EQXTAOTTOU,RET,PETRAS,26.58659714,4.169395041,4.965888083,4
KWLTBKRSIO,RET,PETRAS,20.52038734,1.701149245,4.965501813,7
CXDLBFGYAO,RET,PETRAS,18.77949895,3.061326505,5.534253775,1
EQKRRIBQOU,HAR,GREENVALE,35.30716167,1.224238074,4.208487792,7
NETYONYWOJ,VAL,ERROLD,19.82172,4.211941701,5.115105989,2
QVPRCZGPRR,VAL,EVENDIM,23.40127204,4.700500284,5.042749191,10
KNWRLKUZZV,RET,PETRAS,26.90226993,4.137163048,4.803372785,7
ZEKUHEKDFO,VAL,EVENDIM,22.60706956,3.4102615,4.862994632,1
IXQZJGIWYN,RET,BOLTHAVEN,9.321529445,0.664392643,6.283907304,1
WTQFAEWRZB,HAR,BERRYFORD,19.08327115,2.229403239,5.856202268,8
VXWISABVBX,RET,PETRAS,14.76045371,6.156288705,5.50886246,7
JLRPSATQIC,VAL,ERROLD,29.94237039,5.599682241,4.515368646,7
AKYMUMCYSP,VAL,EVENDIM,10.88952486,3.551002965,5.897141092,8
YNRJZGFLYZ,VAL,EVENDIM,40.30474524,5.68073729,3.880734451,8
PSPGZBFLIK,RET,PETRAS,14.55475313,2.263407742,5.812240859,10
QKWQAVITWU,VAL,ERROLD,25.45778332,4.460035764,4.688127227,6
OMZEREFOCA,HAR,GREENVALE,24.21859295,3.134058937,5.018276192,6
AECYOUZEBJ,RET,PETRAS,17.67058312,3.639035932,5.467422263,6
WBQYKUNHAN,VAL,ERROLD,28.7084584,3.565555279,4.995547438,2
QZFQKBHHHZ,RET,PETRAS,32.66895094,4.050003875,4.231190038,7
ABMLDUMMAC,VAL,EVENDIM,28.58654333,5.259691279,4.868822065,1
RSEZMWLGNC,VAL,TREVALE,8.082135759,1.782842554,6.130860138,2
IQULKGRWEY,VAL,EVENDIM,32.04146779,6.889821652,4.705863793,5
DCKUAKMQIS,VAL,ERROLD,38.61397082,5.185256999,3.9477386,5
LCRMETHMHI,VAL,EVENDIM,30.08975252,4.140373616,4.296712895,5
QIVCVQUYSA,VAL,ERROLD,38.24354222,5.479439849,4.273669274,10
VZBKENQSKA,HAR,BERRYFORD,19.72118957,1.159627926,5.384569597,10
XKIHPPDTXA,HAR,GREENVALE,30.30650389,3.533764063,4.69938878,6
SIAYTBZCYB,RET,BOLTHAVEN,17.44125108,0.447535452,5.09866454,7
CUYFYEDXNM,RET,BOLTHAVEN,16.87847226,2.494403891,5.404237334,7
RPAGREEEXJ,VAL,EVENDIM,65.39389477,6.073389741,2.88402046,4
DANYYAQJSY,VAL,TREVALE,23.66785258,NA,5.238035371,9
KDXVBYAQCB,VAL,TREVALE,31.48196761,7.045533977,4.634140254,4
GBONDZXDPE,RET,PETRAS,34.96110249,4.702967131,4.173886113,9
SVAPLHKSFX,RET,BOLTHAVEN,19.14780557,3.413307144,6.224045538,4
BTPXCNASMI,RET,PETRAS,27.21778172,4.136049191,4.854032542,5
XPWZESUBZU,HAR,GREENVALE,34.53320778,1.207689133,4.44891613,9
ONRSCRJCOA,VAL,TREVALE,32.68697179,5.779506569,4.342175088,10
NVZNTKDOVU,VAL,EVENDIM,36.05931626,5.07309567,4.208387081,7
AUFMYFNVJG,VAL,EVENDIM,36.72160288,5.251940783,4.249464648,3
RPUVQMQPTM,RET,BOLTHAVEN,95.19568202,9.682646381,1.721031748,3
UXGQZDEESI,VAL,TREVALE,34.41865596,6.553755189,4.321068035,3
CJMQSZNGLD,RET,PETRAS,26.79315675,1.493704754,4.691843298,7
FQOUTGVSWI,VAL,ERROLD,22.71171556,2.734602724,5.624781083,7
PUZUFVHONV,RET,BOLTHAVEN,56.12722295,6.488175042,3.256199416,1
DQXSPAKTDM,VAL,ERROLD,18.78348294,3.316596191,6.096790762,3
OSBCUFCAUJ,VAL,EVENDIM,59.74070818,8.076358965,3.040451638,2
BTFVPZCKBK,RET,BOLTHAVEN,55.66934139,5.30677911,3.399436564,10
SEKSBCZMJA,HAR,BERRYFORD,32.87661101,1.989648061,4.167305329,10
ZWKWOEXDBH,HAR,GREENVALE,29.07344229,3.951161198,4.869548517,7
NGBMOOFHKM,VAL,ERROLD,48.51281563,8.70103261,3.57597027,4
DGFFVLNUBY,VAL,EVENDIM,42.69253796,5.881877987,3.814156183,4
LSGMVNSSFK,VAL,ERROLD,24.62556582,4.537216945,4.663756446,7
MHYRGSVXSP,VAL,EVENDIM,30.56380754,5.740645098,4.83863996,1
PWJFSJVHVG,VAL,EVENDIM,45.16386637,6.198040422,3.580502238,4
WWLAKGTNLR,VAL,ERROLD,17.0054723,1.622380847,5.21207067,10
TIYOSGTALX,RET,PETRAS,33.16113607,4.172929725,4.632577809,10
CXBHHNOGTT,HAR,GREENVALE,24.02183669,4.05326956,5.032522084,5
KIXCYTYUCB,RET,BOLTHAVEN,60.75801539,8.075273466,3.010752031,3
PNCWVGVJEU,RET,BOLTHAVEN,36.0720588,4.698164771,4.025264351,3
PBTCKSHAWG,RET,BOLTHAVEN,50.30247804,5.974492182,3.260059504,7
MNXUCWYIYD,HAR,GREENVALE,19.33088954,0.328782888,6.362919956,9
ZNWJDGXDQZ,VAL,ERROLD,13.60417006,2.421923913,5.719762399,7
OETABUUFDQ,RET,BOLTHAVEN,19.30962846,3.878821146,6.076608115,4
EIKHCRROPD,HAR,BERRYFORD,66.95745161,5.537727915,2.725213346,4
TFPDXCRVPC,VAL,ERROLD,48.86503124,6.826354859,3.353567791,10
FJFNANVQAB,RET,BOLTHAVEN,39.46077808,5.881551136,3.852108232,5
LMQZTPAXAS,VAL,ERROLD,34.09968014,4.211742665,4.219616623,8
HZBHHJGWVK,VAL,EVENDIM,23.4133015,3.3305437,5.234076126,3
PKKXHDZIDO,VAL,EVENDIM,35.98339671,7.194520084,4.148661746,5
NQSCRVQMMY,RET,PETRAS,18.90966693,0.02,5.811252645,2
AFBZBPBHDY,RET,BOLTHAVEN,50.25177812,5.429095084,3.409970281,7
WUPXDVRKLY,RET,PETRAS,50.83751917,6.037733079,3.167106877,5
IQRYYXZUHD,HAR,BERRYFORD,25.41874315,4.299435255,4.792941153,2
YXRQWVTQCV,RET,BOLTHAVEN,24.8048,2.544303942,5.261367205,3
ZPECWREOKN,RET,BOLTHAVEN,15.55476309,2.104584299,5.930769784,9
FIIYIWTRLM,VAL,TREVALE,32.24307177,7.090530101,4.684994251,6
YXDWLPPCCM,RET,PETRAS,37.99154993,5.74222307,4.019342646,5
ANZMUVOGZI,VAL,TREVALE,31.5544587,5.781848292,4.462028556,4
NOEPCNEUCJ,VAL,EVENDIM,47.50763188,4.927933902,3.886715295,10
NQFPDHWBTQ,HAR,BERRYFORD,19.92838585,NA,5.231201139,8
SWNXDSGBCI,VAL,EVENDIM,25.1927091,5.345719405,5.267641781,9
MYRRTUBOTV,HAR,BERRYFORD,14.78484353,0.574068304,6.292745826,2
ZBCTIICPGE,HAR,BERRYFORD,26.35378989,2.956555184,4.806232322,2
FNAQGEDFUA,VAL,EVENDIM,14.11835584,2.724410515,6.312216631,6
FEWSXJLGFI,RET,BOLTHAVEN,26.58177108,2.487462695,4.856282481,7
JCRVVCNVDN,VAL,TREVALE,24.08711085,2.801860438,4.838763682,5
ZRXBDDDFIF,HAR,BERRYFORD,52.82024543,4.433614077,3.250202063,8
HNAXFSEWWV,RET,PETRAS,52.66262707,7.628362452,3.385987147,8
DNHUXTQASG,VAL,EVENDIM,87.32686302,10.3873746,2.035999572,7
DJCOAANIGV,RET,BOLTHAVEN,52.44040773,4.907840725,3.314409091,3
LXIRYERBUO,RET,BOLTHAVEN,26.12575277,4.030698431,5.065928039,8
EVMPJVEIPP,VAL,ERROLD,100.7958311,11.71460906,1.596631981,2
GTSIKSSFMP,VAL,ERROLD,12.8488545,3.148993297,6.905953773,5
NERWPYILRV,RET,BOLTHAVEN,37.81926059,3.775646387,4.094328491,5
VHVHIMQBAB,VAL,ERROLD,84.92794192,10.02111915,2.317955074,2
NLYBGVWXSH,RET,BOLTHAVEN,49.80344225,5.912727395,3.213037708,5
XMNXVQTTNV,RET,PETRAS,36.24191281,4.160074654,4.228363435,2
QYJFGOJRWY,RET,BOLTHAVEN,43.36014861,5.939219436,3.902649818,7
SOWSBIDQLF,RET,BOLTHAVEN,31.30161609,4.242890072,4.602106597,2
JOSPRFSUJU,HAR,BERRYFORD,14.35618563,1.818255177,5.515583518,3
LIQNKNRYYQ,RET,BOLTHAVEN,20.59534857,3.072972244,5.568287599,1
DGCOXVSTPR,RET,BOLTHAVEN,42.0590192,4.927951478,3.978234621,8
HDQJLPVYWX,HAR,GREENVALE,31.30605724,3.113070894,4.750435076,1
QEWBLXPXQC,RET,BOLTHAVEN,58.83027233,6.624465309,2.971423571,8
GSOYSZPSMO,VAL,ERROLD,36.46415896,5.015150621,4.126056397,1
PRKPPAJULY,HAR,BERRYFORD,39.67583694,5.001433307,4.051011656,8
RYTQVIHMKN,VAL,TREVALE,26.25457596,3.739955032,5.080586955,5
JULPWHXXHL,VAL,ERROLD,36.66787811,5.297639006,4.135646859,4
FONLVRMTCW,RET,BOLTHAVEN,45.68176474,3.346822388,3.744595377,1
EJPUBNJWVJ,RET,BOLTHAVEN,17.76573451,2.633207654,5.853953831,7
HWXEATHMIG,VAL,TREVALE,26.84961724,4.160986945,4.599114946,4
EETQMINPTJ,VAL,EVENDIM,45.41523266,7.815027666,3.731779963,8
SAQMGIPNZT,RET,BOLTHAVEN,33.26833888,4.627538561,4.403324793,5
PXZXJVORAV,HAR,GREENVALE,19.75009249,1.732855464,5.088655457,4
SLRNZDIDEZ,VAL,EVENDIM,17.33457785,4.062751518,5.278833532,5
BORXVHVYPJ,RET,PETRAS,25.78014256,2.827341964,4.994779462,3
UNOBQNSGLL,VAL,TREVALE,29.36480707,4.37482461,4.485563506,4
GEDEVMIWWU,RET,BOLTHAVEN,90.25701205,10.61751554,1.953580078,3
TRQEYHJSAE,VAL,TREVALE,24.14314833,4.566731165,5.317982176,2
TJUXSLFBLY,VAL,EVENDIM,50.0167495,6.705657613,3.428717787,7
YXBIFYPRNW,VAL,TREVALE,41.22833194,5.344686372,3.795253772,5
NQCSTFFAEK,VAL,ERROLD,15.1431059,4.261300994,5.704811324,10
YGJXYPNSVG,VAL,EVENDIM,38.54536816,4.762153942,4.206727601,8
RSBGTHPYEY,RET,BOLTHAVEN,26.29082972,2.387815595,5.43598148,7
OLVJCCWWJP,RET,BOLTHAVEN,29.47902515,3.203336425,4.750622821,1
MDEWESXLHI,RET,PETRAS,48.23901761,5.955196005,3.970167125,10
DULUMXYCBF,HAR,GREENVALE,36.74301882,4.520245196,4.207433301,6
FIURVQXJSV,VAL,ERROLD,23.60183091,3.819863102,4.891468772,7
FFIXOIMXUY,HAR,GREENVALE,42.80971767,4.591387569,4.066083627,7
REQYQCICQM,VAL,ERROLD,34.10952881,6.311406801,4.162567552,8
EVQAABOLBU,RET,PETRAS,27.88882462,4.61371739,4.924751869,1
VZRHERPQCN,VAL,ERROLD,29.57500252,5.90434287,4.353670949,8
PMYWGULWSI,VAL,TREVALE,47.78839926,7.589315534,3.679646238,1
JQHRNSBUYS,RET,BOLTHAVEN,41.3010564,5.858716847,3.879286471,4
ISPSQEOEOJ,VAL,TREVALE,26.92098936,6.122198679,5.080253139,6
UXQGRNOMQF,VAL,ERROLD,37.81148518,6.589051635,3.969579936,4
XVBHFTFFTR,RET,BOLTHAVEN,80.65523118,7.511101055,2.238917617,9
FNFDVHXCJI,RET,BOLTHAVEN,36.69906833,4.835834288,4.060333127,1
TTPBUHOQEN,RET,BOLTHAVEN,49.63860347,6.223617967,3.421994782,4
XSPZGOTGYM,VAL,EVENDIM,20.97675476,3.635583581,5.806242932,5
KZZXKURBRW,HAR,BERRYFORD,27.86520292,2.41958576,4.919736335,8
PYTERVACJT,VAL,EVENDIM,66.59227776,8.158603602,2.770441904,2
VKKXRCMCYH,VAL,EVENDIM,41.22165577,6.661230428,4.01210317,8
ATVIOBYMBK,VAL,EVENDIM,39.9648817,5.177303109,4.493171314,2
GGQXEEYGCR,RET,BOLTHAVEN,38.78035809,5.05548015,4.125085038,6
JIHCNMYPAG,VAL,TREVALE,58.87955829,7.915302891,2.948525177,4
RUYDEWTHBV,HAR,BERRYFORD,31.20820813,2.692737928,4.419491062,1
PFEWSNWZZQ,HAR,BERRYFORD,30.9255026,4.712798214,4.752871272,6
OASGASZVCD,RET,BOLTHAVEN,34.76997546,4.029543664,4.415828542,9
EPPNGVKNDT,VAL,EVENDIM,36.55024628,6.123845985,4.589487833,10
SVNLZUISXA,HAR,GREENVALE,47.39149035,NA,3.702045659,7
RCRLFEYNAG,HAR,GREENVALE,29.97351208,4.169414117,4.415666316,1
EATQWUJEAV,VAL,TREVALE,35.89209796,5.266664172,4.374660212,8
VOGYERWPPB,VAL,EVENDIM,16.82815093,3.689451389,5.605615462,5
SVKQDUAINQ,VAL,EVENDIM,20.59408507,3.820086806,5.226318846,1
GPAFUWRIGM,VAL,EVENDIM,26.87222989,3.97782261,4.8703196,10
QEZYMAINJX,HAR,GREENVALE,27.45732629,2.066478896,4.842034938,9
SMRDAQRHEX,HAR,BERRYFORD,28.48241309,1.360772278,4.626247152,10
XIZGTRGRVA,RET,PETRAS,33.90776061,5.720812822,4.33287296,9
IDGUJHVVDE,VAL,TREVALE,30.18120587,5.61525395,4.875422481,6
VORRNBKIAO,RET,PETRAS,23.903605,4.303307847,5.50977967,4
KPPAQBDJXG,RET,PETRAS,29.70683368,3.890892581,4.56296396,6
FLUFOYAVCC,VAL,TREVALE,28.90086931,4.88767997,4.729853749,5
